,City,Cloudiness,Country,Date,Humidity,Lat,Lng,Max Temp,Wind Speed
0,longyearbyen,75,SJ,1608819567,69,78.22,15.64,33.8,26.4
1,merauke,100,ID,1608819567,88,-8.47,140.33,78.53,8.28
2,fort morgan,93,NL,1608819567,87,52.65,6.39,43.0,1.01
3,lagoa,43,PT,1608819567,68,39.05,-27.98,57.09,24.09
4,arraial do cabo,75,BR,1608819567,61,-22.84,-46.65,77.0,13.87
5,ajdabiya,67,LY,1608819567,63,30.76,20.23,64.15,12.08
6,bredasdorp,0,ZA,1608819567,53,-34.53,20.04,71.6,10.29
7,narsaq,100,GL,1608819304,80,60.92,-46.05,33.8,17.22
8,punta arenas,96,PH,1608819567,87,8.99,125.34,76.73,3.69
9,mabaruma,90,GY,1608819567,90,8.2,-59.78,79.18,5.3
10,hambantota,40,LK,1608819567,88,6.12,81.12,80.6,4.7
11,ribeira grande,40,ES,1608819567,76,42.75,-8.44,50.0,8.05
12,koumac,9,NC,1608819568,80,-20.57,164.28,78.33,3.0
13,sao paulo de olivenca,95,IN,1608819568,31,20.51,76.21,67.23,6.44
14,oktyabrskoye,90,RU,1608819568,92,43.06,44.74,23.0,2.24
15,vaini,40,TO,1608819568,100,-21.2,-175.2,73.4,9.04
16,mataura,0,NZ,1608819568,84,-46.19,168.86,48.0,4.0
17,teseney,73,ER,1608819568,20,15.11,36.66,95.09,10.18
18,hilo,1,US,1608819568,68,19.73,-155.09,66.2,6.93
19,rikitea,34,PF,1608819568,67,-23.12,-134.97,77.76,7.7
20,high prairie,0,US,1608819568,71,33.61,-95.75,28.99,9.91
21,lengshuijiang,20,CN,1608819412,63,27.69,111.43,45.99,2.8
22,hermanus,4,ZA,1608819568,62,-34.42,19.23,72.0,5.01
23,carnarvon,40,AU,1608819569,100,-24.87,113.63,77.0,17.22
24,namwala,100,ZM,1608819569,53,-15.75,26.44,86.63,3.18
25,nouadhibou,0,MR,1608819569,43,20.93,-17.03,73.4,13.87
26,bluff,10,NZ,1608819569,84,-46.6,168.33,48.0,4.0
27,kapaa,1,US,1608819569,88,22.08,-159.32,70.0,6.93
28,ushuaia,75,AR,1608819399,43,-54.8,-68.3,50.0,14.99
29,circleville,90,US,1608819569,100,39.6,-82.95,35.6,13.87
30,alpena,90,US,1608819370,68,45.06,-83.43,28.4,16.11
31,provideniya,79,RU,1608819569,91,64.38,-173.3,9.81,9.13
32,port alfred,5,CD,1608819569,67,-7.03,29.76,79.34,3.33
33,adrar,99,MR,1608819569,19,20.5,-10.07,75.58,10.89
34,bandarbeyla,0,SO,1608819569,65,9.49,50.81,75.07,21.3
35,lahaina,1,US,1608819310,72,20.88,-156.68,70.0,3.36
36,carutapera,46,BR,1608819569,82,-1.2,-46.02,81.46,7.47
37,souillac,75,MU,1608819569,78,-20.52,57.52,80.6,11.41
38,rawson,0,AR,1608819569,29,-43.3,-65.1,77.83,14.97
39,ilulissat,75,GL,1608819570,79,69.22,-51.1,26.6,16.11
40,husavik,40,IS,1608819570,73,66.04,-17.34,41.0,25.28
41,saint-philippe,20,RE,1608819570,74,-21.36,55.77,82.99,19.46
42,tuatapere,4,NZ,1608819570,84,-46.13,167.68,48.0,4.0
43,leshukonskoye,100,RU,1608819570,93,64.9,45.76,1.35,11.01
44,kodiak,40,US,1608819570,85,57.79,-152.41,24.8,5.82
45,coahuayana,5,MX,1608819570,52,18.73,-103.68,68.0,11.41
46,georgetown,20,MY,1608819570,78,5.41,100.34,82.4,6.93
47,itarema,100,BR,1608819570,54,-2.92,-39.92,87.53,16.22
48,atambua,100,ID,1608819570,87,-9.11,124.89,74.86,2.46
49,chokurdakh,100,RU,1608819570,90,70.63,147.92,-9.89,15.08
50,busselton,0,AU,1608819570,76,-33.65,115.33,72.0,1.01
51,torit,44,SS,1608819570,24,4.41,32.57,95.34,5.06
52,hobart,2,AU,1608819570,57,-42.88,147.33,50.0,11.41
53,castro,6,BR,1608819570,65,-24.79,-50.01,72.86,8.01
54,shimoda,52,JP,1608819571,76,34.67,138.95,46.0,3.0
55,almeirim,34,BR,1608819571,49,-1.52,-52.58,90.86,4.99
56,albany,100,US,1608819529,91,42.6,-73.97,43.0,4.0
57,qaanaaq,60,GL,1608819571,74,77.48,-69.36,-3.46,3.27
58,youghal,40,IE,1608819571,70,51.95,-7.85,44.01,18.34
59,qaqortoq,100,GL,1608819571,80,60.72,-46.03,33.8,17.22
60,barrow,90,US,1608819301,77,71.29,-156.79,1.4,20.8
61,norman wells,1,US,1608819437,62,35.22,-97.44,24.8,5.82
62,tessalit,47,ML,1608819571,16,20.2,1.01,80.01,14.45
63,avarua,88,CK,1608819571,88,-21.21,-159.78,73.4,6.93
64,faanui,35,PF,1608819572,77,-16.48,-151.75,80.62,13.76
65,flinders,92,AU,1608819572,91,-34.58,150.86,64.0,1.99
66,barrhead,0,GB,1608819572,55,55.8,-4.39,39.2,12.75
67,auki,100,SB,1608819572,81,-8.77,160.7,79.36,3.94
68,morgan city,90,US,1608819572,85,39.72,-90.22,15.01,21.92
69,corinto,0,GR,1608819572,56,37.94,22.96,64.99,1.99
70,puerto colombia,66,ES,1608819572,87,36.59,-6.23,63.0,5.82
71,shasta lake,1,US,1608819572,86,40.77,-122.03,36.0,6.51
72,mahebourg,75,MU,1608819572,78,-20.41,57.7,80.6,11.41
73,moron,0,AR,1608819572,51,-34.65,-58.62,89.01,9.17
74,atar,39,MR,1608819572,15,20.52,-13.05,81.81,10.83
75,chuy,5,UY,1608819572,62,-33.7,-53.46,77.14,11.81
76,sao joao da barra,95,IN,1608819572,31,20.51,76.21,67.23,6.44
77,foumban,76,CM,1608819572,19,5.73,10.9,89.55,4.9
78,iguguno,50,TZ,1608819572,49,-4.57,34.63,80.33,5.1
79,yingcheng,3,CN,1608819573,45,30.95,113.55,42.8,6.71
80,port said,5,CD,1608819573,67,-7.03,29.76,79.34,3.33
81,hithadhoo,0,MV,1608819573,71,-0.6,73.08,82.38,9.26
82,vorukh,84,TJ,1608819573,75,39.85,70.58,31.33,9.1
83,matagami,90,CA,1608819291,100,49.75,-77.63,33.8,18.34
84,mount isa,50,GB,1608819573,88,53.66,-1.85,37.0,1.01
85,tuktoyaktuk,90,CA,1608819573,84,69.45,-133.04,-0.4,3.36
86,clyde river,100,US,1608819573,73,41.3,-82.98,28.0,1.99
87,butaritari,75,KI,1608819573,76,3.07,172.79,80.76,14.83
88,lyubech,100,UA,1608819573,96,51.7,30.66,32.63,14.18
89,saint-francois,75,FR,1608819573,87,46.42,3.91,46.99,13.87
90,kaitangata,0,NZ,1608819573,71,-46.28,169.85,48.99,4.0
91,jamestown,90,US,1608819573,87,42.1,-79.24,46.0,17.22
92,cabo san lucas,40,BR,1608819573,54,-8.28,-35.03,84.2,9.17
93,maningrida,100,AU,1608819573,82,-12.07,134.27,81.14,6.29
94,chute-aux-outardes,90,CA,1608819574,74,49.12,-68.4,28.4,9.17
95,kuybyshevo,0,RU,1608819574,94,47.81,38.91,20.82,7.18
96,east london,90,IS,1608819574,64,65.0,-15.0,37.4,20.8
97,vila velha,20,PT,1608819574,79,42.03,-8.16,45.0,13.0
98,nikolskoye,90,RU,1608819574,96,59.7,30.79,35.6,13.42
99,saint-augustin,100,CA,1608819574,85,51.23,-58.65,13.82,6.35
100,tasiilaq,100,GL,1608819574,92,65.61,-37.64,30.2,21.92
101,codrington,62,AU,1608819574,77,-38.27,141.97,51.35,6.76
102,cherskiy,100,RU,1608819574,88,68.75,161.3,-16.83,6.4
103,atuona,0,PF,1608819574,75,-9.8,-139.03,78.51,17.02
104,pacific grove,45,US,1608819574,68,38.48,-90.74,19.99,3.0
105,komsomolskiy,82,UZ,1608819574,78,40.43,71.72,32.0,2.24
106,kruisfontein,5,ZA,1608819575,80,-34.0,24.73,66.99,4.0
107,kangaatsiaq,100,GL,1608819575,96,68.31,-53.46,25.07,28.48
108,tecpan,0,GT,1608819575,93,14.76,-90.99,59.0,1.83
109,dikson,100,RU,1608819575,87,73.51,80.55,-15.7,9.15
110,hasaki,75,JP,1608819575,58,35.73,140.83,55.0,10.29
111,lebu,0,CL,1608819575,70,-37.62,-73.65,61.0,12.44
112,new norfolk,64,LR,1608819575,53,6.65,-10.59,89.31,2.1
113,port elizabeth,5,CD,1608819575,67,-7.03,29.76,79.34,3.33
114,tual,91,ID,1608819575,73,-5.67,132.75,83.59,3.85
115,kahului,1,US,1608819575,72,20.89,-156.47,69.01,3.36
116,severo-kurilsk,100,RU,1608819575,89,50.68,156.12,19.51,4.85
117,balmazujvaros,90,HU,1608819575,81,47.62,21.35,50.0,13.87
118,sur,0,OM,1608819575,48,22.57,59.53,70.79,5.14
119,puteyets,0,RU,1608819575,84,65.17,57.09,-28.62,2.93
120,kavieng,40,PG,1608819575,72,-2.57,150.8,83.68,5.95
121,jackson,1,US,1608819576,79,42.42,-122.83,24.8,3.0
122,ozernovskiy,100,RU,1608819576,91,51.5,156.52,22.1,11.34
123,geelong,75,AU,1608819576,81,-38.15,144.36,54.0,5.82
124,alyangula,100,AU,1608819576,88,-13.85,136.42,82.4,2.24
125,tateyama,75,JP,1608819576,54,34.98,139.87,57.0,17.22
126,cairns,75,AU,1608819576,78,-16.92,145.77,82.4,3.36
127,airai,100,TL,1608819576,100,-8.93,125.41,61.97,1.68
128,coihaique,20,CL,1608819502,51,-45.58,-72.07,59.0,12.75
129,saint-paul,0,RE,1608819576,65,-21.01,55.27,82.4,23.04
130,bambous virieux,75,MU,1608819577,78,-20.26,57.41,80.6,11.41
131,khatanga,100,RU,1608819577,86,71.97,102.5,-21.64,9.82
132,bethel,40,US,1608819577,87,41.37,-73.41,46.0,5.82
133,tres arroyos,75,IT,1608819577,100,46.32,11.1,43.0,2.24
134,thompson,75,CA,1608819577,66,55.74,-97.86,-29.2,5.55
135,grand river south east,1,US,1608819577,51,38.88,-109.5,14.0,6.93
136,tiksi,100,RU,1608819577,88,71.69,128.87,-19.3,9.69
137,nakamura,51,JP,1608819577,89,32.98,132.93,47.64,5.17
138,ust-kuyga,100,RU,1608819577,84,70.02,135.6,-23.87,2.44
139,itoman,75,JP,1608819578,93,26.12,127.67,66.2,17.22
140,lahat,100,ID,1608819578,91,-3.8,103.53,74.35,0.94
141,carballo,75,ES,1608819391,87,43.21,-8.69,48.2,5.82
142,poquoson,20,US,1608819401,82,37.12,-76.35,61.0,16.11
143,puerto ayora,66,ES,1608819578,87,36.59,-6.23,63.0,5.82
144,tumaco,100,CO,1608819578,90,1.8,-78.82,76.48,5.35
145,ponta delgada,40,PT,1608819578,67,38.73,-28.27,60.8,29.97
146,berlevag,75,NO,1608819578,79,70.86,29.09,28.4,21.92
147,pisco,96,PE,1608819578,77,-13.7,-76.22,70.0,2.24
148,ishigaki,100,JP,1608819578,81,24.34,124.16,68.68,28.45
149,clarence town,90,US,1608819578,76,42.98,-78.59,51.01,23.04
150,sechura,97,PE,1608819578,70,-5.56,-80.82,71.91,9.93
151,thinadhoo,0,MV,1608819578,68,0.53,72.93,82.4,6.22
152,batagay-alyta,100,RU,1608819578,87,67.8,130.41,-17.12,2.15
153,chapais,90,CA,1608819461,94,49.78,-74.85,32.0,20.8
154,yellowknife,90,CA,1608819301,91,62.46,-114.35,0.0,5.82
155,ancud,90,CL,1608819579,100,-41.87,-73.82,62.01,11.41
156,ericeira,91,PT,1608819579,72,38.96,-9.42,57.99,11.99
157,muros,7,ES,1608819579,81,42.78,-9.06,51.01,5.99
158,caravelas,100,BR,1608819579,50,-17.71,-39.25,86.27,10.58
159,guerrero negro,0,MX,1608819579,62,17.67,-100.0,66.36,2.42
160,sao filipe,95,IN,1608819572,31,20.51,76.21,67.23,6.44
161,nara,85,JP,1608819526,95,34.69,135.8,44.01,2.55
162,bengkulu,100,ID,1608819579,86,-3.8,102.27,76.64,3.47
163,wewak,98,PG,1608819579,86,-3.55,143.63,78.35,6.4
164,mayo,90,US,1608819487,93,38.89,-76.51,57.99,11.41
165,zavodskoy,6,RU,1608819579,56,43.46,132.29,14.0,2.24
166,aripuana,100,BR,1608819579,88,-9.17,-60.63,81.81,2.44
167,dali,22,CN,1608819579,67,25.7,100.18,46.8,5.14
168,mzimba,100,MW,1608819579,67,-11.9,33.6,76.91,6.2
169,cosenza,85,IT,1608819579,63,39.31,16.25,62.01,5.99
170,marawi,68,PH,1608819579,87,8.0,124.29,79.0,3.0
171,klaksvik,93,FO,1608819579,69,62.23,-6.59,37.4,8.05
172,fortuna,1,US,1608819579,56,40.6,-124.16,41.0,10.29
173,zhigansk,100,RU,1608819580,79,66.77,123.37,-40.83,6.15
174,torbay,75,CA,1608819580,68,47.67,-52.73,30.2,9.17
175,marsh harbour,57,GB,1608819580,88,53.65,-1.81,39.0,1.01
176,bathsheba,40,BB,1608819580,69,13.22,-59.52,82.4,18.34
177,pevek,100,RU,1608819580,90,69.7,170.31,0.07,3.0
178,saskylakh,93,RU,1608819580,85,71.92,114.08,-25.69,7.65
179,gijon,100,ES,1608819458,87,43.54,-5.66,51.01,5.01
180,williams lake,75,CA,1608819580,73,52.14,-122.14,23.0,13.87
181,cidreira,3,BR,1608819306,73,-30.18,-50.21,77.36,15.86
182,tabou,86,CI,1608819580,77,4.42,-7.35,82.08,8.39
183,valle nacional,1,NO,1608819580,82,59.21,7.54,25.9,4.63
184,makueni,14,KE,1608819580,75,-1.8,37.62,73.89,9.73
185,artyom,75,AZ,1608819580,93,40.47,50.33,37.4,23.04
186,cordoba,0,AR,1608819327,42,-31.41,-64.18,91.0,16.11
187,sehore,0,IN,1608819580,56,23.2,77.08,68.0,4.7
188,yakeshi,100,CN,1608819580,90,49.28,120.73,-8.7,6.06
189,vilhena,75,BR,1608819580,94,-12.74,-60.15,75.2,6.93
190,wajima,68,JP,1608819581,76,37.4,136.9,49.19,22.35
191,saint-joseph,20,RE,1608819581,74,-21.37,55.62,82.99,19.46
192,killybegs,90,IE,1608819581,70,54.63,-8.45,43.0,5.82
193,sistranda,40,NO,1608819581,80,63.73,8.83,35.6,13.87
194,exmouth,20,GB,1608819581,61,50.62,-3.4,46.4,10.29
195,owando,89,CG,1608819581,52,-0.48,15.9,87.13,1.34
196,mustasaari,75,FI,1608819581,97,63.11,21.68,33.01,8.05
197,roseburg,90,US,1608819381,92,43.22,-123.34,30.0,3.18
198,roma,90,US,1608819581,75,43.21,-75.46,42.8,13.87
199,biograd na moru,75,BA,1608819582,93,43.2,18.18,50.0,1.12
200,gotsu,26,JP,1608819582,61,35.0,132.22,47.32,17.87
201,victoria,1,HK,1608819353,73,22.29,114.16,69.01,3.02
202,cape town,0,CL,1608819582,67,-36.41,-71.9,62.6,12.75
203,nadym,31,RU,1608819582,80,65.53,72.52,-42.79,5.77
204,mattru,30,SL,1608819582,43,7.62,-11.83,93.09,1.45
205,vestmannaeyjar,100,IS,1608819582,87,63.44,-20.27,45.57,31.63
206,haines junction,90,US,1608819582,86,59.23,-135.44,33.8,10.29
207,shiyan,32,CN,1608819582,26,32.65,110.78,35.01,1.34
208,upernavik,100,GL,1608819582,95,72.79,-56.15,7.59,11.23
209,upington,0,ZA,1608819582,14,-28.45,21.26,91.4,9.17
210,blagoyevo,100,RU,1608819582,92,63.37,47.92,-0.81,9.66
211,tlacotalpan,8,MX,1608819582,91,18.62,-95.67,71.56,2.26
212,alice springs,1,US,1608819582,35,27.75,-98.07,48.2,19.46
213,black river,90,US,1608819582,100,31.01,-85.74,66.0,14.99
214,uglovskoye,100,RU,1608819583,97,51.36,80.19,15.31,11.81
215,soyo,100,AO,1608819583,83,-6.13,12.37,78.73,10.87
216,bud,90,US,1608819583,73,39.45,-86.18,23.0,13.87
217,yulara,0,AU,1608819583,47,-25.24,130.99,77.0,12.75
218,vanimo,99,PG,1608819583,81,-2.67,141.3,78.19,2.59
219,lavrentiya,97,RU,1608819583,93,65.58,-171.0,12.67,7.81
220,trapani,40,IT,1608819583,87,37.83,12.67,60.8,11.41
221,esperance,0,AU,1608819583,53,-33.87,121.9,71.6,12.75
222,bubaque,100,GW,1608819583,50,11.28,-15.83,79.21,2.04
223,puerto escondido,66,ES,1608819578,87,36.59,-6.23,63.0,5.82
224,vestmanna,97,FO,1608819583,69,62.16,-7.17,37.4,8.05
225,araouane,100,ML,1608819583,14,18.9,-3.53,83.21,9.82
226,saldanha,12,ZA,1608819583,50,-33.01,17.94,77.0,11.41
227,ponta do sol,40,PT,1608819583,67,38.73,-28.27,60.8,29.97
228,hay river,0,GB,1608819583,80,52.07,-3.13,41.0,13.4
229,boden,98,SE,1608819584,100,65.83,21.69,28.4,5.82
230,college,1,US,1608819584,84,64.86,-147.8,12.99,3.36
231,goderich,100,CA,1608819584,86,43.75,-81.72,33.8,23.04
232,shubarkuduk,100,KZ,1608819584,95,49.14,56.49,8.01,5.97
233,lasa,75,IT,1608819584,60,46.62,10.7,39.2,4.7
234,ketchikan,90,US,1608819584,100,55.34,-131.65,35.6,3.27
235,madawaska,1,US,1608819584,85,47.36,-68.33,30.99,11.41
236,una,0,IN,1608819584,55,20.82,71.03,71.2,0.87
237,singarayakonda,0,IN,1608819584,71,15.25,80.03,72.07,6.22
238,breves,1,BR,1608819319,51,-1.68,-50.48,91.15,4.07
239,sebinkarahisar,0,TR,1608819584,85,40.29,38.42,24.58,1.28
240,porto velho,0,PT,1608819584,58,41.15,-8.61,54.0,10.29
241,kyra,15,RU,1608819584,84,49.58,111.98,-1.7,2.91
242,katsuura,75,JP,1608819584,54,35.13,140.3,55.4,17.22
243,ulladulla,90,AU,1608819584,100,-35.35,150.47,62.01,10.29
244,camacha,40,PT,1608819585,77,33.08,-16.33,66.2,14.99
245,broome,90,US,1608819585,87,42.25,-75.83,45.0,17.22
246,lac du bonnet,90,AL,1608819453,62,41.64,19.71,59.0,3.36
247,nabire,100,ID,1608819368,80,-3.37,135.48,79.52,2.28
248,nikolsk,94,RU,1608819585,95,53.72,46.07,8.62,7.02
249,mar del plata,75,ES,1608819585,71,43.4,-4.01,53.01,19.46
250,inta,0,RU,1608819585,81,66.03,60.17,-28.44,8.01
251,portland,1,US,1608819535,80,45.52,-122.68,37.99,3.36
252,bulgan,0,MN,1608819585,83,48.81,103.53,6.94,4.7
253,yarada,0,IN,1608819585,69,17.65,83.27,73.4,2.24
254,carmelo,0,UY,1608819540,54,-33.99,-58.29,82.99,10.29
255,palmer,98,US,1608819290,79,42.16,-72.33,48.99,1.01
256,luderitz,0,NA,1608819585,44,-26.65,15.16,80.6,23.04
257,pangnirtung,90,CA,1608819586,71,66.15,-65.71,3.2,11.41
258,cabedelo,75,BR,1608819586,70,-6.98,-34.83,84.2,11.41
259,vallenar,0,CL,1608819586,34,-28.57,-70.76,74.48,5.46
260,micheweni,11,TZ,1608819586,70,-4.97,39.83,84.54,11.79
261,copalillo,0,MX,1608819586,82,18.03,-99.12,61.0,2.01
262,parakou,98,BJ,1608819586,13,9.34,2.63,98.78,4.03
263,petropavlovsk-kamchatskiy,12,RU,1608819586,84,53.05,158.65,6.8,8.95
264,saryozek,0,KZ,1608819586,79,44.36,77.98,15.39,2.75
265,tibu,53,CO,1608819586,87,8.64,-72.74,77.32,1.72
266,kalmunai,34,LK,1608819586,87,7.42,81.82,77.68,8.05
267,rocha,0,UY,1608819586,37,-34.48,-54.33,83.5,10.31
268,masterton,37,NZ,1608819561,98,-40.96,175.66,60.01,1.99
269,lorengau,93,PG,1608819586,74,-2.02,147.27,81.45,2.1
270,halifax,39,CA,1608819555,75,44.65,-63.57,39.99,14.99
271,roald,99,NO,1608819586,72,62.58,6.13,37.4,9.17
272,jieshi,0,CN,1608819587,75,22.81,115.83,66.99,12.68
273,waitati,99,NZ,1608819587,70,-45.75,170.57,52.0,20.0
274,cornwall,100,CA,1608819587,74,45.02,-74.73,50.0,5.82
275,marzuq,2,YE,1608819587,26,14.4,46.47,75.67,8.46
276,waipawa,51,NZ,1608819587,87,-41.41,175.52,60.8,2.24
277,kiama,95,AU,1608819587,91,-34.68,150.87,64.0,1.99
278,winnemucca,1,US,1608819587,72,40.97,-117.74,17.6,6.93
279,taoudenni,0,ML,1608819337,14,22.68,-3.98,83.95,13.35
280,floro,90,NO,1608819587,74,61.6,5.03,35.6,14.99
281,mahajanga,20,MG,1608819587,58,-15.72,46.32,87.8,12.75
282,marabba,77,SD,1608819587,14,12.35,32.18,97.39,11.34
283,sidi qasim,66,CF,1608819587,20,5.08,19.88,97.95,5.57
284,kholodnyy,95,RU,1608819587,75,62.72,147.95,-39.91,1.39
285,siverek,0,TR,1608819588,35,37.76,39.32,42.8,9.17
286,asau,95,RO,1608819588,69,46.43,26.4,48.0,6.78
287,kota tinggi,0,IN,1608819588,39,25.18,75.83,65.59,6.31
288,jijiga,0,ET,1608819588,23,9.35,42.8,74.21,12.77
289,schruns,99,AT,1608819588,100,47.07,9.95,46.99,4.21
290,impfondo,65,CG,1608819588,36,1.64,18.07,95.81,0.6
291,danilovka,10,RU,1608819588,96,50.36,44.12,14.52,4.65
292,camopi,100,GF,1608819588,68,3.17,-52.32,82.76,3.83
293,rio grande,40,GR,1608819588,72,38.3,21.78,60.8,9.19
294,bitung,40,ID,1608819588,94,1.45,125.18,77.0,1.12
295,aklavik,90,CA,1608819588,77,68.22,-135.01,1.4,0.69
296,kasama,87,ZM,1608819588,69,-10.21,31.18,76.87,2.3
297,novoagansk,100,RU,1608819588,82,61.94,76.66,-32.76,11.25
298,joshimath,36,IN,1608819589,59,30.57,79.57,37.69,4.29
299,old shinyanga,20,GB,1608819589,74,52.35,-0.85,39.99,8.99
300,pangai,99,TO,1608819589,84,-19.8,-174.35,79.56,5.44
301,maceio,40,BR,1608819393,88,-9.67,-35.74,80.6,9.17
302,mayumba,95,GA,1608819589,86,-3.43,10.66,79.07,9.13
303,moerai,92,PF,1608819589,77,-22.43,-151.33,77.77,11.61
304,opuwo,99,NA,1608819589,20,-18.06,13.84,94.23,4.05
305,venado tuerto,19,MX,1608819589,40,22.93,-101.08,53.28,4.21
306,grand-lahou,100,CI,1608819589,76,5.14,-5.02,82.78,8.61
307,willowmore,0,ZA,1608819589,40,-33.29,23.49,74.46,12.71
308,arteaga,0,MX,1608819589,54,18.47,-102.42,63.73,2.3
309,namibe,43,AO,1608819589,68,-15.2,12.15,74.41,11.68
310,lichuan,100,CN,1608819589,90,30.3,108.85,39.07,2.08
311,cockburn town,0,AU,1608819589,29,-32.08,141.0,75.2,10.29
312,mocuba,74,MZ,1608819589,46,-16.84,36.99,94.53,3.85
313,talaya,16,RU,1608819590,75,61.38,152.75,-44.16,0.98
314,humen,0,CN,1608819590,68,22.82,113.67,68.0,11.18
315,mazyr,100,BY,1608819590,93,52.05,29.25,33.6,14.72
316,darnah,0,LY,1608819590,67,32.77,22.64,63.34,15.05
317,kazerun,100,IR,1608819590,76,29.62,51.65,51.98,6.15
318,sola,98,VU,1608819590,75,-13.88,167.55,82.51,1.66
319,progreso,75,MX,1608819590,100,21.28,-89.67,73.0,8.05
320,tartus,0,SY,1608819590,63,34.89,35.89,57.0,6.2
321,natal,40,BR,1608819590,70,-5.79,-35.21,84.2,16.11
322,costa rica,40,PT,1608819590,66,41.9,-8.62,55.99,6.93
323,palu,100,ID,1608819590,80,-0.89,119.87,76.57,1.74
324,axim,100,GH,1608819301,71,4.87,-2.24,83.75,7.92
325,kavaratti,100,IN,1608819590,75,10.57,72.64,82.04,8.79
326,nexo,100,DK,1608819590,86,55.06,15.13,41.0,8.05
327,male,75,MV,1608819590,79,4.17,73.51,84.2,6.93
328,lata,92,PT,1608819590,57,40.16,-8.33,53.01,4.0
329,limache,90,CL,1608819591,93,-33.02,-71.27,57.2,5.82
330,wanlaweyn,2,SO,1608819435,23,2.62,44.89,93.15,12.73
331,mwinilunga,47,ZM,1608819591,83,-11.74,24.43,75.07,4.7
332,daru,100,PG,1608819591,89,-9.08,143.21,78.76,8.99
333,ostrovnoy,89,RU,1608819591,92,68.05,39.51,13.89,28.34
334,nuzvid,3,IN,1608819443,69,16.78,80.85,73.4,4.5
335,whitehorse,20,CA,1608819591,92,60.72,-135.05,23.0,5.82
336,dunedin,51,NZ,1608819313,71,-45.87,170.5,52.0,1.99
337,khani,90,GE,1608819591,93,41.96,42.96,35.6,4.7
338,ferkessedougou,2,CI,1608819591,14,9.6,-5.2,96.76,5.91
339,eureka,1,US,1608819431,74,40.8,-124.16,41.0,5.82
340,hue,75,VN,1608819305,93,16.47,107.6,66.2,5.82
341,verkhovye,100,RU,1608819591,98,52.81,37.24,19.06,11.54
342,qui nhon,40,BR,1608819592,66,-10.97,-37.6,86.0,12.75
343,salinopolis,0,BR,1608819419,72,-0.61,-47.36,83.5,11.32
344,bilibino,100,RU,1608819592,83,68.05,166.44,-24.34,2.93
345,korla,58,CN,1608819565,86,41.76,86.15,21.4,5.41
346,half moon bay,35,LR,1608819592,69,6.38,-10.7,84.51,4.32
347,bundi,0,IN,1608819592,40,25.44,75.64,64.94,6.17
348,yangambi,92,CD,1608819592,52,0.81,24.43,87.33,2.48
349,pullman,1,US,1608819592,68,46.73,-117.18,28.4,23.04
350,panama city,20,PA,1608819592,94,9.0,-80.0,81.0,3.36
351,nhulunbuy,40,AU,1608819592,88,-12.23,136.77,80.6,2.24
352,talnakh,40,RU,1608819592,72,69.49,88.4,-38.2,11.18
353,tiarei,40,PF,1608819592,88,-17.53,-149.33,77.0,6.93
354,lively,90,CA,1608819592,100,46.43,-81.15,42.01,19.46
355,waiouru,44,NZ,1608819592,97,-39.48,175.67,43.43,4.56
356,arua,57,UG,1608819592,36,3.02,30.91,85.01,8.7
357,haysyn,100,UA,1608819592,95,48.81,29.39,36.25,13.31
358,stokmarknes,40,NO,1608819593,100,68.56,14.91,33.8,5.82
359,makakilo city,1,US,1608819324,88,21.35,-158.09,71.6,3.36
360,san quintin,24,ML,1608819593,11,13.3,-4.9,94.24,7.0
361,keffi,0,NG,1608819593,32,8.85,7.87,95.0,4.7
362,soe,100,ID,1608819593,100,-9.86,124.28,67.98,2.04
363,port lincoln,5,CD,1608819575,67,-7.03,29.76,79.34,3.33
364,kudligi,0,IN,1608819593,46,14.9,76.38,74.57,10.18
365,gat,64,IL,1608819483,23,31.61,34.76,64.0,7.11
366,monaco-ville,0,FR,1608819412,63,43.73,7.42,60.8,21.92
367,honavar,45,IN,1608819593,73,14.28,74.45,77.32,3.53
368,gidam,33,IN,1608819423,41,18.98,81.4,65.01,0.96
369,lutayan,99,PH,1608819593,84,6.62,124.88,76.75,1.74
370,bagua grande,39,PE,1608819593,53,-5.64,-78.53,82.51,1.83
371,katobu,100,ID,1608819593,90,-4.94,122.53,76.71,3.8
372,cangzhou,0,CN,1608819361,71,38.32,116.87,28.83,5.41
373,zhangye,0,CN,1608819593,69,38.93,100.45,20.73,4.88
374,linguere,100,SN,1608819593,11,15.4,-15.12,91.51,4.9
375,champerico,40,GT,1608819593,83,14.3,-91.92,73.4,5.08
376,labuhan,44,ID,1608819594,75,-6.88,112.21,81.27,2.08
377,lagos,72,NG,1608819537,57,6.58,3.75,89.38,6.42
378,saint-michel-des-saints,100,CA,1608819594,89,46.68,-73.92,30.99,13.13
379,sambava,3,MG,1608819594,71,-14.27,50.17,82.53,16.93
380,zhanaozen,100,KZ,1608819594,95,43.3,52.8,23.16,14.67
381,kerugoya,1,KE,1608819594,79,-0.5,37.28,70.09,6.24
382,gamba,99,GA,1608819594,85,-2.65,10.0,79.5,10.16
383,vaitape,32,PF,1608819594,75,-16.52,-151.75,81.48,13.89
384,suna,100,RU,1608819594,94,57.83,50.06,6.75,7.74
385,doha,0,QA,1608819594,64,25.29,51.53,77.0,9.17
386,acapulco,5,MX,1608819594,88,16.86,-99.89,73.4,3.36
387,brae,75,GB,1608819594,74,60.4,-1.35,35.6,16.11
388,sibiti,75,CG,1608819594,73,-3.68,13.35,81.68,4.59
389,mayskiy,0,RU,1608819595,67,47.69,40.1,17.6,11.18
390,hobyo,0,SO,1608819595,67,5.35,48.53,79.18,20.89
391,iqaluit,75,CA,1608819595,70,63.75,-68.51,-0.4,5.82
392,porto nacional,0,PT,1608819584,58,41.15,-8.61,54.0,10.29
393,auray,40,FR,1608819595,61,47.67,-2.99,48.99,14.99
394,naze,90,JP,1608819595,77,28.37,129.48,68.0,19.46
395,faya,40,SA,1608819595,60,18.39,42.45,68.0,6.93
396,kysyl-syr,92,RU,1608819595,79,63.9,122.76,-42.52,2.82
397,diapaga,12,BF,1608819595,10,12.07,1.79,96.15,8.05
398,labuan,20,MY,1608819305,83,5.28,115.24,82.4,5.82
399,ayorou,0,NE,1608819595,11,14.73,0.92,92.53,14.18
400,caconda,77,AO,1608819595,42,-13.73,15.07,81.61,1.61
401,ahipara,88,NZ,1608819595,77,-35.17,173.17,60.69,11.59
402,shemursha,86,RU,1608819595,94,54.89,47.52,6.33,6.62
403,holt,90,US,1608819596,67,42.64,-84.52,23.0,9.17
404,evensk,6,RU,1608819596,70,61.95,159.23,-31.27,6.93
405,lompoc,1,US,1608819449,86,34.64,-120.46,48.2,3.24
406,puri,5,IN,1608819596,77,19.8,85.85,69.8,8.05
407,tonantins,100,BR,1608819564,97,-2.87,-67.8,75.24,2.33
408,liwale,61,TZ,1608819596,46,-9.77,37.93,89.64,4.97
409,nioro,100,GM,1608819596,10,13.35,-15.75,98.24,3.31
410,sao gabriel da cachoeira,95,IN,1608819596,31,20.51,76.21,67.23,6.44
411,hofn,100,IS,1608819596,85,64.25,-15.21,39.29,12.15
412,bremerton,11,US,1608819457,99,47.57,-122.63,35.01,1.77
413,ossora,34,RU,1608819596,79,59.24,163.07,-16.69,5.03
414,digkilaan,61,PH,1608819596,87,8.25,124.32,79.0,3.0
415,nemuro,86,JP,1608819596,77,43.32,145.57,38.35,10.49
416,mildura,0,AU,1608819597,28,-34.2,142.15,69.8,8.05
417,kulhudhuffushi,63,MV,1608819597,81,6.62,73.07,81.66,10.16
418,inyonga,58,TZ,1608819597,65,-6.72,32.07,79.39,4.05
419,tazovskiy,25,RU,1608819597,81,67.47,78.7,-39.98,4.61
420,marsa matruh,20,MT,1608819597,72,35.88,14.5,64.4,10.29
421,baoqing,9,CN,1608819597,89,46.33,132.21,-0.94,6.4
422,padang,86,ID,1608819353,69,-0.95,100.35,79.45,1.81
423,brenham,1,US,1608819597,51,30.17,-96.4,36.0,16.11
424,olafsvik,100,IS,1608819597,93,64.89,-23.71,44.01,32.23
425,serebryansk,90,KZ,1608819597,67,49.69,83.29,21.2,2.24
426,birao,59,CF,1608819597,14,10.28,22.79,99.1,6.2
427,vila,20,PT,1608819597,79,42.03,-8.16,45.0,13.0
428,naujoji akmene,100,LT,1608819598,99,55.13,26.21,34.07,11.12
429,outjo,61,NA,1608819598,27,-20.12,16.15,91.4,9.17
430,san borja,24,ML,1608819593,11,13.3,-4.9,94.24,7.0
431,khuzhir,100,RU,1608819598,90,53.19,107.34,9.28,3.74
432,enshi,99,CN,1608819598,71,30.3,109.48,49.24,1.5
433,banepa,20,NP,1608819598,66,27.63,85.52,51.8,2.24
434,sapucaia,20,BR,1608819598,54,-29.83,-51.15,89.01,9.17
435,uthal,0,PK,1608819598,25,25.81,66.62,66.15,3.71
436,robertson,90,US,1608819598,68,36.52,-86.87,33.01,11.41
437,tambovka,20,RU,1608819598,76,50.1,128.05,-5.8,4.47
438,deputatskiy,100,RU,1608819598,86,69.3,139.9,-21.95,7.0
439,shache,100,CN,1608819598,88,38.42,77.24,22.96,3.74
440,dudinka,40,RU,1608819598,72,69.41,86.18,-38.2,11.18
441,kailua,1,US,1608819598,78,21.4,-157.74,71.6,6.93
442,seymchan,100,RU,1608819598,81,62.88,152.43,-34.92,1.48
443,kokoda,100,PG,1608819599,72,-8.88,147.74,74.98,0.45
444,borzya,23,RU,1608819599,79,50.38,116.52,-5.69,4.97
445,kirakira,93,SB,1608819599,78,-10.45,161.92,80.17,5.21
446,bafq,49,IR,1608819599,38,31.61,55.41,59.07,12.68
447,dasoguz,90,TM,1608819599,74,41.84,59.97,30.2,13.87
448,srednekolymsk,100,RU,1608819599,89,67.45,153.68,-13.81,10.58
449,gouyave,40,GD,1608819599,74,12.16,-61.73,84.2,11.41
450,riyadh,0,SA,1608819406,35,24.69,46.72,71.6,6.93
451,sarkand,94,KZ,1608819599,76,45.41,79.92,17.42,3.33
452,geraldton,0,AU,1608819599,50,-28.77,114.6,77.0,6.93
453,hualmay,69,PE,1608819599,76,-11.1,-77.61,69.75,6.42
454,motygino,100,RU,1608819599,87,58.18,94.76,-17.84,8.77
455,nizhneudinsk,100,RU,1608819599,93,54.91,99.03,8.08,1.86
456,tiznit,0,MA,1608819599,27,29.58,-9.5,65.91,8.08
457,bairiki,40,KI,1608819599,78,1.33,172.98,80.6,12.75
458,fukue,100,JP,1608819599,59,32.69,128.84,51.8,25.7
459,hovd,2,MN,1608819599,85,48.01,91.64,6.48,0.51
460,mys shmidta,100,RU,1608819600,93,62.06,48.62,6.01,8.05
461,orel-izumrud,40,RU,1608819600,70,43.46,39.92,42.8,11.18
462,tromso,40,NO,1608819416,90,69.65,18.96,32.0,19.46
463,tomatlan,0,MX,1608819600,32,19.93,-105.25,62.58,2.73
464,kiunga,99,PG,1608819600,98,-6.12,141.29,72.05,1.72
465,sidi ali,66,CF,1608819600,20,5.08,19.88,97.95,5.57
466,marang,40,MY,1608819554,83,5.21,103.21,82.4,4.7
467,aykhal,0,RU,1608819600,57,66.0,111.5,-45.4,8.95
468,karratha,0,AU,1608819600,59,-20.74,116.85,85.1,12.53
469,semme,100,FR,1608819600,100,46.2,1.5,45.0,5.82
470,poum,3,NC,1608819600,77,-20.23,164.02,80.28,8.66
471,neftegorsk,87,RU,1608819601,91,52.8,51.17,1.89,2.98
472,egvekinot,100,RU,1608819601,92,66.32,-179.17,-12.24,2.73
473,sabang,75,ID,1608819601,81,5.89,95.32,80.65,12.95
474,aksarka,22,RU,1608819601,81,66.56,67.8,-38.96,6.13
475,nelson,4,NZ,1608819601,56,-41.28,173.28,57.0,1.01
476,naranjito,90,EC,1608819602,73,-2.22,-79.48,78.01,3.36
477,plaridel,20,PH,1608819602,78,14.89,120.86,82.4,5.82
478,yar-sale,62,RU,1608819603,82,66.83,70.83,-34.67,7.16
479,eskisehir,75,TR,1608819570,62,39.78,30.52,39.2,9.17
480,calabozo,18,VE,1608819603,57,8.92,-67.43,83.68,8.75
481,angouleme,100,FR,1608819603,93,45.65,0.15,48.2,9.17
482,sol-iletsk,73,RU,1608819603,94,51.16,54.99,5.4,4.76
483,buta,61,CD,1608819604,32,2.79,24.73,94.78,2.15
484,stettler,0,CA,1608819604,80,52.32,-112.72,35.6,11.41
485,ahuimanu,1,US,1608819604,78,21.44,-157.84,71.6,6.93
486,porbandar,0,IN,1608819604,31,21.64,69.61,73.38,11.14
487,vao,62,NC,1608819604,70,-22.67,167.48,76.14,6.11
488,santiago,0,CL,1608819387,46,-33.46,-70.65,75.2,3.36
489,ust-karsk,88,RU,1608819604,88,52.7,118.81,-6.59,0.63
490,hervey bay,1,US,1608819604,82,33.5,-93.78,32.0,12.75
491,necochea,0,AR,1608819604,30,-38.55,-58.74,93.0,14.99
492,kaeo,50,NZ,1608819604,81,-35.1,173.78,57.99,3.0
493,meadow lake,75,US,1608819604,73,45.53,-102.22,21.2,9.17
494,nome,90,US,1608819604,79,64.5,-165.41,26.6,10.29
495,dongsheng,0,CN,1608819604,78,39.82,109.98,14.63,13.78
496,richards bay,90,US,1608819605,75,46.84,-95.91,-13.0,12.75
497,port hardy,5,CD,1608819569,67,-7.03,29.76,79.34,3.33
498,juneau,90,US,1608819530,93,58.3,-134.42,35.6,2.3
499,yarmouth,1,US,1608819448,87,41.71,-70.23,50.0,10.29
500,businga,69,CD,1608819605,29,3.33,20.88,95.97,3.44
501,ust-tsilma,48,RU,1608819605,84,65.44,52.15,-24.07,5.7
502,maniitsoq,100,GL,1608819605,98,65.42,-52.9,25.99,36.82
503,motzorongo,1,MX,1608819605,72,18.63,-96.73,66.76,2.62
504,namatanai,100,PG,1608819605,79,-3.67,152.43,81.28,5.61
505,fort nelson,93,NL,1608819605,87,52.65,6.39,43.0,1.01
506,pandan niog,22,PH,1608819605,84,14.05,124.17,79.88,8.12
507,port blair,5,CD,1608819575,67,-7.03,29.76,79.34,3.33
508,jacksonville,40,US,1608819320,93,30.33,-81.66,66.0,5.82
509,lazaro cardenas,0,DO,1608819606,83,19.46,-71.33,75.0,8.01
510,atikokan,100,CA,1608819606,88,48.76,-91.62,-6.83,13.56
511,wanning,63,CN,1608819606,82,18.8,110.4,67.82,9.4
512,vardo,100,NO,1608819606,96,70.37,31.11,28.53,29.48
513,namikupa,35,TZ,1608819606,55,-10.83,39.6,87.89,5.95
514,montenegro,90,ME,1608819606,87,42.5,19.3,50.0,1.32
515,bilma,100,NE,1608819606,19,18.69,12.92,77.22,16.8
516,maraa,100,BR,1608819606,97,-1.83,-65.37,75.09,3.91
517,ouesso,62,CG,1608819606,32,1.61,16.05,94.51,0.63
518,sai buri,20,FR,1608819607,65,48.74,0.03,44.6,16.11
519,aasiaat,100,GL,1608819607,97,68.71,-52.87,22.77,4.54
520,baie-comeau,90,CA,1608819607,74,49.22,-68.15,28.4,9.17
521,mendeleyevsk,90,RU,1608819607,92,55.91,52.29,19.4,4.47
522,yerbogachen,18,RU,1608819607,82,61.28,108.01,-36.17,2.8
523,praia,75,CV,1608819607,54,14.92,-23.51,78.8,13.87
524,vostok,97,RU,1608819607,95,46.49,135.88,-2.96,3.56
525,santa cruz de la palma,63,PH,1608819607,88,17.49,120.43,77.16,8.05
526,findhorn,100,GB,1608819394,86,57.66,-3.61,39.99,13.87
527,urubicha,95,BO,1608819607,45,-15.38,-62.95,90.48,2.44
528,dubovskoye,78,RU,1608819607,95,47.41,42.76,13.87,7.11
529,sinnamary,100,GF,1608819608,92,5.38,-52.95,74.16,6.58
530,hamilton,90,US,1608819608,88,39.18,-84.53,33.01,9.17
531,dhidhdhoo,52,MV,1608819608,81,6.88,73.1,81.86,10.29
532,bonavista,5,CA,1608819608,73,48.65,-53.11,24.8,4.7
